,ts,x,y
0,0.05000000074505806,-0.00019751931013433575,-0.00019751931013433575
1,0.10000000149011612,-0.00010000359487278462,-0.00010000359487278462
2,0.15000000223517418,-0.00016928797164764386,-0.00016928797164764386
3,0.20000000298023224,-0.0001697754277012454,-0.0001697754277012454
4,0.2500000037252903,-8.65719831677235e-05,-8.65719831677235e-05
5,0.30000000447034836,-1.552061118085292e-05,-1.552061118085292e-05
6,0.3500000052154064,2.176586232417593e-05,2.176586232417593e-05
7,0.4000000059604645,7.363405599251186e-05,7.363405599251186e-05
8,0.45000000670552254,-4.9169512264767704e-05,-4.9169512264767704e-05
9,0.5000000074505806,-0.00027855622714341547,-0.00027855622714341547
10,0.5500000081956387,-0.00028583505058649877,-0.00028583505058649877
11,0.6000000089406967,-0.00011737691443069117,-0.00011737691443069117
12,0.6500000096857548,-0.00010213040572928135,-0.00010213040572928135
13,0.7000000104308128,9.956464296402654e-05,9.956464296402654e-05
14,0.7500000111758709,0.0002472978235161882,0.0002472978235161882
15,0.800000011920929,-0.0001709448483625444,-0.0001709448483625444
16,0.850000012665987,-0.0008963516259996921,-0.0008963516259996921
17,0.9000000134110451,-0.0011043773744607182,-0.0011043773744607182
18,0.9500000141561031,-0.0012030097059461385,-0.0012030097059461385
19,1.0000000149011612,-0.0008587782482774361,-0.0008587782482774361
20,1.0500000156462193,-0.00046524114164246883,-0.00046524114164246883
21,1.1000000163912773,-0.00014696613959261118,-0.00014696613959261118
22,1.1500000171363354,1.7920805810592648e-05,1.7920805810592648e-05
23,1.2000000178813934,-0.0001947567025494947,-0.0001947567025494947
24,1.2500000186264515,-0.0004923974774973122,-0.0004923974774973122
25,1.3000000193715096,-3.07665299526666e-06,-3.07665299526666e-06
26,1.3500000201165676,-9.951458562027053e-05,-9.951458562027053e-05
27,1.4000000208616257,-0.000727548665536186,-0.000727548665536186
28,1.4500000216066837,-0.0011178398207080276,-0.0011178398207080276
29,1.5000000223517418,-0.0015597117690615483,-0.0015597117690615483
30,1.5500000230967999,-0.0017534730555984368,-0.0017534730555984368
31,1.600000023841858,-0.002439772825222606,-0.002439772825222606
32,1.650000024586916,-0.0037676748691350985,-0.0037676748691350985
33,1.700000025331974,-0.004583178003596827,-0.004583178003596827
34,1.750000026077032,-0.004896361354162736,-0.004896361354162736
35,1.8000000268220901,-0.004902999645155001,-0.004902999645155001
36,1.8500000275671482,-0.004458265492352666,-0.004458265492352666
37,1.9000000283122063,-0.004313007293863256,-0.004313007293863256
38,1.9500000290572643,-0.005415959021837601,-0.005415959021837601
39,2.0000000298023224,-0.006391262340499845,-0.006391262340499845
40,2.0500000305473804,-0.007366293379591371,-0.007366293379591371
41,2.1000000312924385,-0.009247225842248461,-0.009247225842248461
42,2.1500000320374966,-0.009941712341032053,-0.009941712341032053
43,2.2000000327825546,-0.009386395142620966,-0.009386395142620966
44,2.2500000335276127,-0.009471127158450606,-0.009471127158450606
45,2.3000000342726707,-0.008761357298758671,-0.008761357298758671
46,2.350000035017729,-0.008961094110255825,-0.008961094110255825
47,2.400000035762787,-0.009164511375481648,-0.009164511375481648
48,2.450000036507845,-0.010232834209911643,-0.010232834209911643
49,2.500000037252903,-0.01120110021474346,-0.01120110021474346
50,2.550000037997961,-0.011837026925485156,-0.011837026925485156
51,2.600000038743019,-0.014805479981016006,-0.014805479981016006
52,2.650000039488077,-0.017202117725772667,-0.017202117725772667
53,2.7000000402331352,-0.017357120623457425,-0.017357120623457425
54,2.7500000409781933,-0.017495487501694457,-0.017495487501694457
55,2.8000000417232513,-0.018262443445852334,-0.018262443445852334
56,2.8500000424683094,-0.01977462060786509,-0.01977462060786509
57,2.9000000432133675,-0.020475787806543633,-0.020475787806543633
58,2.9500000439584255,-0.01977738636691205,-0.01977738636691205
59,3.0000000447034836,-0.018395569461963787,-0.018395569461963787
60,3.0500000454485416,-0.018124122858935762,-0.018124122858935762
61,3.1000000461935997,-0.01936829052731532,-0.01936829052731532
62,3.1500000469386578,-0.01896738611860868,-0.01896738611860868
63,3.200000047683716,-0.016267193437322434,-0.016267193437322434
64,3.250000048428774,-0.014255053677617213,-0.014255053677617213
65,3.300000049173832,-0.01387004614876464,-0.01387004614876464
66,3.35000004991889,-0.016086492186588218,-0.016086492186588218
67,3.400000050663948,-0.020885148429238217,-0.020885148429238217
68,3.450000051409006,-0.024214265885197254,-0.024214265885197254
69,3.500000052154064,-0.023380248045946753,-0.023380248045946753
70,3.5500000528991222,-0.02224628139299718,-0.02224628139299718
71,3.6000000536441803,-0.022732509313166643,-0.022732509313166643
72,3.6500000543892384,-0.023105892774504033,-0.023105892774504033
73,3.7000000551342964,-0.022670582102286393,-0.022670582102286393
74,3.7500000558793545,-0.022477111789398468,-0.022477111789398468
75,3.8000000566244125,-0.022004713294229053,-0.022004713294229053
76,3.8500000573694706,-0.024298589269282602,-0.024298589269282602
77,3.9000000581145287,-0.02819103453912284,-0.02819103453912284
78,3.9500000588595867,-0.03027198264591844,-0.03027198264591844
79,4.000000059604645,-0.03247231962509304,-0.03247231962509304
80,4.050000060349703,-0.03484570999326022,-0.03484570999326022
81,4.100000061094761,-0.03527746860581269,-0.03527746860581269
82,4.150000061839819,-0.03429945570156132,-0.03429945570156132
83,4.200000062584877,-0.033863602642945426,-0.033863602642945426
84,4.250000063329935,-0.034269547654917396,-0.034269547654917396
85,4.300000064074993,-0.033542121135420266,-0.033542121135420266
86,4.350000064820051,-0.030657174033286272,-0.030657174033286272
87,4.400000065565109,-0.026061241333754693,-0.026061241333754693
88,4.450000066310167,-0.022293467604678967,-0.022293467604678967
89,4.500000067055225,-0.019724956322674837,-0.019724956322674837
90,4.550000067800283,-0.018807320143115133,-0.018807320143115133
91,4.6000000685453415,-0.01706349583780156,-0.01706349583780156
92,4.6500000692903996,-0.013436349614864104,-0.013436349614864104
93,4.700000070035458,-0.009743089160039502,-0.009743089160039502
94,4.750000070780516,-0.008176759182251015,-0.008176759182251015
95,4.800000071525574,-0.007240923664061047,-0.007240923664061047
96,4.850000072270632,-0.003561381106092414,-0.003561381106092414
97,4.90000007301569,-0.0006454453949289015,-0.0006454453949289015
98,4.950000073760748,-0.0010098095053144816,-0.0010098095053144816
99,5.000000074505806,-0.0008580920938794787,-0.0008580920938794787
100,5.050000075250864,0.00025119162426661486,0.00025119162426661486
101,5.100000075995922,-0.0015172610069533298,-0.0015172610069533298
102,5.15000007674098,-0.007082673858772798,-0.007082673858772798
103,5.200000077486038,-0.012868141600062897,-0.012868141600062897
104,5.250000078231096,-0.016724328226831654,-0.016724328226831654
105,5.300000078976154,-0.017104320917565592,-0.017104320917565592
106,5.350000079721212,-0.017864199570191808,-0.017864199570191808
107,5.4000000804662704,-0.019723340107021904,-0.019723340107021904
108,5.4500000812113285,-0.019967538522809004,-0.019967538522809004
109,5.500000081956387,-0.019319216517617352,-0.019319216517617352
110,5.550000082701445,-0.018166369943267428,-0.018166369943267428
111,5.600000083446503,-0.015116203942190407,-0.015116203942190407
112,5.650000084191561,-0.011065516043534215,-0.011065516043534215
113,5.700000084936619,-0.00825063113970557,-0.00825063113970557
114,5.750000085681677,-0.007982795741576437,-0.007982795741576437
115,5.800000086426735,-0.008255759746577598,-0.008255759746577598
116,5.850000087171793,-0.006045882076115889,-0.006045882076115889
117,5.900000087916851,-0.003915574912441037,-0.003915574912441037
118,5.950000088661909,-0.0026591419359734705,-0.0026591419359734705
119,6.000000089406967,0.0007590191423741104,0.0007590191423741104
120,6.050000090152025,0.005813846513987662,0.005813846513987662
121,6.100000090897083,0.008664552306167642,0.008664552306167642
122,6.150000091642141,0.01062835235630942,0.01062835235630942
123,6.200000092387199,0.01421727772651937,0.01421727772651937
124,6.2500000931322575,0.016434042287890784,0.016434042287890784
125,6.3000000938773155,0.01716260337781223,0.01716260337781223
126,6.350000094622374,0.019028402164154405,0.019028402164154405
127,6.400000095367432,0.021937412338660596,0.021937412338660596
128,6.45000009611249,0.02346180950639509,0.02346180950639509
129,6.500000096857548,0.024084079575473236,0.024084079575473236
130,6.550000097602606,0.023968040315279833,0.023968040315279833
131,6.600000098347664,0.023004440680680544,0.023004440680680544
132,6.650000099092722,0.020627419161018908,0.020627419161018908
133,6.70000009983778,0.02021963591330281,0.02021963591330281
134,6.750000100582838,0.019262372437167476,0.019262372437167476
135,6.800000101327896,0.01571634409609115,0.01571634409609115
136,6.850000102072954,0.013286395448603374,0.013286395448603374
137,6.900000102818012,0.013628004569782725,0.013628004569782725
138,6.95000010356307,0.014958218987263867,0.014958218987263867
139,7.000000104308128,0.013265841479346096,0.013265841479346096
140,7.050000105053186,0.010552164487060683,0.010552164487060683
141,7.1000001057982445,0.008875667151608648,0.008875667151608648
142,7.1500001065433025,0.008712482054970652,0.008712482054970652
143,7.200000107288361,0.010864153201693231,0.010864153201693231
144,7.250000108033419,0.015130601264890357,0.015130601264890357
145,7.300000108778477,0.01933069457134734,0.01933069457134734
146,7.350000109523535,0.022338883669518483,0.022338883669518483
147,7.400000110268593,0.022144961894791253,0.022144961894791253
148,7.450000111013651,0.02096812962203645,0.02096812962203645
149,7.500000111758709,0.01961775069697457,0.01961775069697457
150,7.550000112503767,0.018546050436409462,0.018546050436409462
151,7.600000113248825,0.018143484851788762,0.018143484851788762
152,7.650000113993883,0.015948963274091694,0.015948963274091694
153,7.700000114738941,0.014483846093778934,0.014483846093778934
154,7.750000115483999,0.014133734407794262,0.014133734407794262
155,7.800000116229057,0.012603378252258778,0.012603378252258778
156,7.850000116974115,0.010166117762690082,0.010166117762690082
157,7.900000117719173,0.008726857685962925,0.008726857685962925
158,7.9500001184642315,0.008722217992354729,0.008722217992354729
159,8.00000011920929,0.008440798898783268,0.008440798898783268
160,8.050000119954348,0.007662356101429161,0.007662356101429161
161,8.100000120699406,0.007986886262468506,0.007986886262468506
162,8.150000121444464,0.007936862685895591,0.007936862685895591
163,8.200000122189522,0.006817098039565228,0.006817098039565228
164,8.25000012293458,0.005193216853444505,0.005193216853444505
165,8.300000123679638,0.005013891623004525,0.005013891623004525
166,8.350000124424696,0.0037701353352095684,0.0037701353352095684
167,8.400000125169754,0.001980130597695089,0.001980130597695089
168,8.450000125914812,0.0012385919535163406,0.0012385919535163406
169,8.50000012665987,0.0012178711258341907,0.0012178711258341907
170,8.550000127404928,0.00021299076322718428,0.00021299076322718428
171,8.600000128149986,-0.00049551258790448,-0.00049551258790448
172,8.650000128895044,-0.001503447909394101,-0.001503447909394101
173,8.700000129640102,-0.0031889301693366913,-0.0031889301693366913
174,8.75000013038516,-0.00440088531621958,-0.00440088531621958
175,8.800000131130219,-0.004803392708154303,-0.004803392708154303
176,8.850000131875277,-0.004836914615434488,-0.004836914615434488
177,8.900000132620335,-0.00341135945881075,-0.00341135945881075
178,8.950000133365393,-0.0015838608315677156,-0.0015838608315677156
179,9.00000013411045,-0.001059747247686222,-0.001059747247686222
180,9.050000134855509,-0.0021271257345401506,-0.0021271257345401506
181,9.100000135600567,-0.004311846576154064,-0.004311846576154064
182,9.150000136345625,-0.007969385296948557,-0.007969385296948557
183,9.200000137090683,-0.014084618837169206,-0.014084618837169206
184,9.250000137835741,-0.019674493424330038,-0.019674493424330038
185,9.300000138580799,-0.02178697118445883,-0.02178697118445883
186,9.350000139325857,-0.022807944252054253,-0.022807944252054253
187,9.400000140070915,-0.024239474101908458,-0.024239474101908458
188,9.450000140815973,-0.0264215813796014,-0.0264215813796014
189,9.500000141561031,-0.02831790508981962,-0.02831790508981962
190,9.55000014230609,-0.029177715514840247,-0.029177715514840247
191,9.600000143051147,-0.028310329649856348,-0.028310329649856348
192,9.650000143796206,-0.025756229853517682,-0.025756229853517682
193,9.700000144541264,-0.024135484053054494,-0.024135484053054494
194,9.750000145286322,-0.023036533123700735,-0.023036533123700735
195,9.80000014603138,-0.020869041726922718,-0.020869041726922718
196,9.850000146776438,-0.018348393759175508,-0.018348393759175508
197,9.900000147521496,-0.01761924378032214,-0.01761924378032214
198,9.950000148266554,-0.018491298924214472,-0.018491298924214472
199,10.000000149011612,-0.01824736236398587,-0.01824736236398587
200,10.05000014975667,-0.01634206409850146,-0.01634206409850146
201,10.100000150501728,-0.014967827335678831,-0.014967827335678831
202,10.150000151246786,-0.01501826164260966,-0.01501826164260966
203,10.200000151991844,-0.01633545045745847,-0.01633545045745847
204,10.250000152736902,-0.01569578479749407,-0.01569578479749407
205,10.30000015348196,-0.01250451343389675,-0.01250451343389675
206,10.350000154227018,-0.011244594197373777,-0.011244594197373777
207,10.400000154972076,-0.013419995876358268,-0.013419995876358268
208,10.450000155717134,-0.017059546376332495,-0.017059546376332495
209,10.500000156462193,-0.019415900188741547,-0.019415900188741547
210,10.55000015720725,-0.021588940466706136,-0.021588940466706136
211,10.600000157952309,-0.023878532169136192,-0.023878532169136192
212,10.650000158697367,-0.023627679420184584,-0.023627679420184584
213,10.700000159442425,-0.022834721703175572,-0.022834721703175572
214,10.750000160187483,-0.022851981604638937,-0.022851981604638937
215,10.800000160932541,-0.023545123509819528,-0.023545123509819528
216,10.850000161677599,-0.02432461226212109,-0.02432461226212109
217,10.900000162422657,-0.024569241490985737,-0.024569241490985737
218,10.950000163167715,-0.02299923749170288,-0.02299923749170288
219,11.000000163912773,-0.019352480913407587,-0.019352480913407587
220,11.050000164657831,-0.016151427179265123,-0.016151427179265123
221,11.10000016540289,-0.01450561022671593,-0.01450561022671593
222,11.150000166147947,-0.01148713101897493,-0.01148713101897493
223,11.200000166893005,-0.007334982082646521,-0.007334982082646521
224,11.250000167638063,-0.002870860241314316,-0.002870860241314316
225,11.300000168383121,0.003846982161893442,0.003846982161893442
226,11.35000016912818,0.009971777986950703,0.009971777986950703
227,11.400000169873238,0.012108725725149573,0.012108725725149573
228,11.450000170618296,0.01295460191661576,0.01295460191661576
229,11.500000171363354,0.014952322571077436,0.014952322571077436
230,11.550000172108412,0.0178374392738925,0.0178374392738925
231,11.60000017285347,0.021143338307115296,0.021143338307115296
232,11.650000173598528,0.02233950841498189,0.02233950841498189
233,11.700000174343586,0.022060365900595184,0.022060365900595184
234,11.750000175088644,0.023123445389428076,0.023123445389428076
235,11.800000175833702,0.024121659854375258,0.024121659854375258
236,11.85000017657876,0.024421323594539482,0.024421323594539482
237,11.900000177323818,0.024621435363193354,0.024621435363193354
238,11.950000178068876,0.025410686979178743,0.025410686979178743
239,12.000000178813934,0.02653264085868211,0.02653264085868211
240,12.050000179558992,0.02566504190296622,0.02566504190296622
241,12.10000018030405,0.023650527458932424,0.023650527458932424
242,12.150000181049109,0.022810183408172223,0.022810183408172223
243,12.200000181794167,0.020533061389778555,0.020533061389778555
244,12.250000182539225,0.017851122477411042,0.017851122477411042
245,12.300000183284283,0.016437251689143922,0.016437251689143922
246,12.35000018402934,0.015883110230965225,0.015883110230965225
247,12.400000184774399,0.014764755573288477,0.014764755573288477
248,12.450000185519457,0.015087105606098819,0.015087105606098819
249,12.500000186264515,0.01650355552441796,0.01650355552441796
250,12.550000187009573,0.017328108821445802,0.017328108821445802
251,12.600000187754631,0.0166186299065482,0.0166186299065482
252,12.650000188499689,0.014033571701491304,0.014033571701491304
253,12.700000189244747,0.011428776040528686,0.011428776040528686
254,12.750000189989805,0.009365473581433479,0.009365473581433479
255,12.800000190734863,0.009160652843359905,0.009160652843359905
256,12.850000191479921,0.010031572049557994,0.010031572049557994
257,12.90000019222498,0.010115981864408714,0.010115981864408714
258,12.950000192970037,0.009080166749546016,0.009080166749546016
259,13.000000193715096,0.006735723933201853,0.006735723933201853
260,13.050000194460154,0.00411967065890294,0.00411967065890294
261,13.100000195205212,0.002339863697158346,0.002339863697158346
262,13.15000019595027,0.0019355102793246564,0.0019355102793246564
263,13.200000196695328,0.002577114527568167,0.002577114527568167
264,13.250000197440386,0.002676501984118538,0.002676501984118538
265,13.300000198185444,0.0015664162962003153,0.0015664162962003153
266,13.350000198930502,0.0008508516162363478,0.0008508516162363478
267,13.40000019967556,0.0017368697667550091,0.0017368697667550091
268,13.450000200420618,0.00303522138044277,0.00303522138044277
269,13.500000201165676,0.0032185571445274173,0.0032185571445274173
270,13.550000201910734,0.003178447052121021,0.003178447052121021
271,13.600000202655792,0.0037223888184906156,0.0037223888184906156
272,13.65000020340085,0.003588962944242485,0.003588962944242485
273,13.700000204145908,0.0031551136368419704,0.0031551136368419704
274,13.750000204890966,0.0007014556944902887,0.0007014556944902887
275,13.800000205636024,-0.0022292831946423104,-0.0022292831946423104
276,13.850000206381083,-0.003997813949646595,-0.003997813949646595
277,13.90000020712614,-0.0033307323537981803,-0.0033307323537981803
278,13.950000207871199,-0.0015024664873919957,-0.0015024664873919957
279,14.000000208616257,0.000981955227814533,0.000981955227814533
280,14.050000209361315,0.00446861212498879,0.00446861212498879
281,14.100000210106373,0.007146317362920854,0.007146317362920854
282,14.150000210851431,0.007465962737280604,0.007465962737280604
283,14.200000211596489,0.006249256566369793,0.006249256566369793
284,14.250000212341547,0.004873126902657391,0.004873126902657391
285,14.300000213086605,0.003876852411712521,0.003876852411712521
286,14.350000213831663,0.0038862607766786753,0.0038862607766786753
287,14.400000214576721,0.004590984322506658,0.004590984322506658
288,14.45000021532178,0.004287377985322682,0.004287377985322682
289,14.500000216066837,0.003616493439883778,0.003616493439883778
290,14.550000216811895,0.0038367362344831914,0.0038367362344831914
291,14.600000217556953,0.004433744130710809,0.004433744130710809
292,14.650000218302011,0.005410846748597957,0.005410846748597957
293,14.70000021904707,0.007420697016551334,0.007420697016551334
294,14.750000219792128,0.009027520908968174,0.009027520908968174
295,14.800000220537186,0.009651758303268133,0.009651758303268133
296,14.850000221282244,0.007553000910558555,0.007553000910558555
297,14.900000222027302,0.005622380901754027,0.005622380901754027
298,14.95000022277236,0.005923800142278258,0.005923800142278258
299,15.000000223517418,0.006203209702953899,0.006203209702953899
300,15.050000224262476,0.004635311972635269,0.004635311972635269
301,15.100000225007534,0.001336808754092979,0.001336808754092979
302,15.150000225752592,-0.0014306239499375741,-0.0014306239499375741
303,15.20000022649765,-0.0017327811598496772,-0.0017327811598496772
304,15.250000227242708,-0.0016788494230108072,-0.0016788494230108072
305,15.300000227987766,-0.0030484028862863602,-0.0030484028862863602
306,15.350000228732824,-0.004651930674188308,-0.004651930674188308
307,15.400000229477882,-0.0033771719071620876,-0.0033771719071620876
308,15.45000023022294,-0.0006714345013973004,-0.0006714345013973004
309,15.500000230967999,0.0005987028767911894,0.0005987028767911894
310,15.550000231713057,0.002085090996940638,0.002085090996940638
311,15.600000232458115,0.004541848300463341,0.004541848300463341
312,15.650000233203173,0.006197874326210172,0.006197874326210172
313,15.70000023394823,0.006158187280475504,0.006158187280475504
314,15.750000234693289,0.004860321374222215,0.004860321374222215
315,15.800000235438347,0.004914898755513689,0.004914898755513689
316,15.850000236183405,0.007086665976217562,0.007086665976217562
317,15.900000236928463,0.010168028587624217,0.010168028587624217
318,15.950000237673521,0.013081275638695784,0.013081275638695784
319,16.00000023841858,0.015666352825964937,0.015666352825964937
320,16.050000239163637,0.01669473140156629,0.01669473140156629
321,16.100000239908695,0.017929641978058707,0.017929641978058707
322,16.150000240653753,0.019799710625215704,0.019799710625215704
323,16.20000024139881,0.020773651964833616,0.020773651964833616
324,16.25000024214387,0.021517043257492634,0.021517043257492634
325,16.300000242888927,0.023466009831607033,0.023466009831607033
326,16.350000243633986,0.025163042117409183,0.025163042117409183
327,16.400000244379044,0.024022545730031604,0.024022545730031604
328,16.4500002451241,0.02359223186940089,0.02359223186940089
329,16.50000024586916,0.024999860543491806,0.024999860543491806
330,16.550000246614218,0.025652278716139232,0.025652278716139232
331,16.600000247359276,0.025458019310911618,0.025458019310911618
332,16.650000248104334,0.025174135064384262,0.025174135064384262
333,16.700000248849392,0.023766571871713098,0.023766571871713098
334,16.75000024959445,0.021394827777357028,0.021394827777357028
335,16.800000250339508,0.01999351156412813,0.01999351156412813
336,16.850000251084566,0.020973488926801325,0.020973488926801325
337,16.900000251829624,0.022817766692918913,0.022817766692918913
338,16.950000252574682,0.0237934305723827,0.0237934305723827
339,17.00000025331974,0.023687997764903577,0.023687997764903577
340,17.0500002540648,0.023105226225739132,0.023105226225739132
341,17.100000254809856,0.023147956924560863,0.023147956924560863
342,17.150000255554914,0.02267256236073833,0.02267256236073833
343,17.200000256299973,0.021262576923181273,0.021262576923181273
344,17.25000025704503,0.019042300344892637,0.019042300344892637
345,17.30000025779009,0.018868474774872152,0.018868474774872152
346,17.350000258535147,0.021037835473216603,0.021037835473216603
347,17.400000259280205,0.021948832230846656,0.021948832230846656
348,17.450000260025263,0.02241967247376982,0.02241967247376982
349,17.50000026077032,0.024639767557172662,0.024639767557172662
350,17.55000026151538,0.02524753967507549,0.02524753967507549
351,17.600000262260437,0.02368849237600735,0.02368849237600735
352,17.650000263005495,0.022708684603292714,0.022708684603292714
353,17.700000263750553,0.022020629327013114,0.022020629327013114
354,17.75000026449561,0.020801268174829333,0.020801268174829333
355,17.80000026524067,0.01960939284583659,0.01960939284583659
356,17.850000265985727,0.016877653797825222,0.016877653797825222
357,17.900000266730785,0.014105415237778484,0.014105415237778484
358,17.950000267475843,0.012691358284972499,0.012691358284972499
359,18.0000002682209,0.01145218773263218,0.01145218773263218
360,18.05000026896596,0.01070859202624277,0.01070859202624277
361,18.100000269711018,0.011069472546921512,0.011069472546921512
362,18.150000270456076,0.010559512741393672,0.010559512741393672
363,18.200000271201134,0.008796436158265326,0.008796436158265326
364,18.250000271946192,0.005334070817818168,0.005334070817818168
365,18.30000027269125,0.0012268551794424292,0.0012268551794424292
366,18.350000273436308,-0.0019908772548980777,-0.0019908772548980777
367,18.400000274181366,-0.0049315139094690584,-0.0049315139094690584
368,18.450000274926424,-0.006682485175718002,-0.006682485175718002
369,18.500000275671482,-0.009343075858284876,-0.009343075858284876
370,18.55000027641654,-0.014332710252632433,-0.014332710252632433
371,18.600000277161598,-0.016724763309397424,-0.016724763309397424
372,18.650000277906656,-0.012435515851634812,-0.012435515851634812
373,18.700000278651714,-0.00613776019222292,-0.00613776019222292
374,18.750000279396772,0.00023522443431722717,0.00023522443431722717
375,18.80000028014183,0.005326772596080042,0.005326772596080042
376,18.85000028088689,0.00888386824132329,0.00888386824132329
377,18.900000281631947,0.011236331423533075,0.011236331423533075
378,18.950000282377005,0.01322364666608331,0.01322364666608331
379,19.000000283122063,0.014292145681035984,0.014292145681035984
380,19.05000028386712,0.0141246683018144,0.0141246683018144
381,19.10000028461218,0.01566475908816176,0.01566475908816176
382,19.150000285357237,0.016765884494567604,0.016765884494567604
383,19.200000286102295,0.014972334597718701,0.014972334597718701
384,19.250000286847353,0.012458784842533458,0.012458784842533458
385,19.30000028759241,0.010523220210040285,0.010523220210040285
386,19.35000028833747,0.006985979285099189,0.006985979285099189
387,19.400000289082527,0.0021672462813666473,0.0021672462813666473
388,19.450000289827585,-5.492278488059624e-05,-5.492278488059624e-05
389,19.500000290572643,-0.0012178328809766162,-0.0012178328809766162
390,19.5500002913177,-0.003956985154039645,-0.003956985154039645
391,19.60000029206276,-0.007414181583763983,-0.007414181583763983
392,19.650000292807817,-0.0097501058776088,-0.0097501058776088
393,19.700000293552876,-0.010732915382431403,-0.010732915382431403
394,19.750000294297934,-0.009717507163030157,-0.009717507163030157
395,19.80000029504299,-0.009243809249691985,-0.009243809249691985
396,19.85000029578805,-0.009698352786421515,-0.009698352786421515
397,19.900000296533108,-0.009695329161736129,-0.009695329161736129
398,19.950000297278166,-0.008503158498731365,-0.008503158498731365
399,20.000000298023224,-0.0059615665679263975,-0.0059615665679263975
400,20.050000298768282,-0.0027616666593760267,-0.0027616666593760267
401,20.10000029951334,-0.0002795525626511225,-0.0002795525626511225
402,20.150000300258398,0.0009886622846035304,0.0009886622846035304
403,20.200000301003456,0.0010396518516414461,0.0010396518516414461
404,20.250000301748514,0.0021286558095218095,0.0021286558095218095
405,20.300000302493572,0.0019938952034053185,0.0019938952034053185
406,20.35000030323863,0.0008886869281609915,0.0008886869281609915
407,20.40000030398369,0.001029824406872144,0.001029824406872144
408,20.450000304728746,0.0039013340518217936,0.0039013340518217936
409,20.500000305473804,0.005313490129359203,0.005313490129359203
410,20.550000306218863,0.0047340271483318,0.0047340271483318
411,20.60000030696392,0.0030759814552535963,0.0030759814552535963
412,20.65000030770898,-0.000718983741460908,-0.000718983741460908
413,20.700000308454037,-0.0034333813221654646,-0.0034333813221654646
414,20.750000309199095,-0.0023414364790640247,-0.0023414364790640247
415,20.800000309944153,-0.001992391173795808,-0.001992391173795808
416,20.85000031068921,-0.0033057737748454054,-0.0033057737748454054
417,20.90000031143427,-0.00232382795840751,-0.00232382795840751
418,20.950000312179327,0.0021729014238365332,0.0021729014238365332
419,21.000000312924385,0.006394713744341382,0.006394713744341382
420,21.050000313669443,0.006149854957853208,0.006149854957853208
421,21.1000003144145,0.006137123092685979,0.006137123092685979
422,21.15000031515956,0.007927211877594806,0.007927211877594806
423,21.200000315904617,0.008850828837768837,0.008850828837768837
424,21.250000316649675,0.00936646470400929,0.00936646470400929
425,21.300000317394733,0.010471535080878381,0.010471535080878381
426,21.35000031813979,0.011494620524426574,0.011494620524426574
427,21.40000031888485,0.012928839092031342,0.012928839092031342
428,21.450000319629908,0.014982847941495606,0.014982847941495606
429,21.500000320374966,0.017386388375357394,0.017386388375357394
430,21.550000321120024,0.019557885239628408,0.019557885239628408
431,21.600000321865082,0.018680553380104926,0.018680553380104926
432,21.65000032261014,0.017705874579427624,0.017705874579427624
433,21.700000323355198,0.02081348959255583,0.02081348959255583
434,21.750000324100256,0.023383491239348016,0.023383491239348016
435,21.800000324845314,0.024103417772162218,0.024103417772162218
436,21.850000325590372,0.02454480954894724,0.02454480954894724
437,21.90000032633543,0.024044111880379436,0.024044111880379436
438,21.950000327080488,0.021185102241402364,0.021185102241402364
439,22.000000327825546,0.018175086611971814,0.018175086611971814
440,22.050000328570604,0.015918623925331565,0.015918623925331565
441,22.100000329315662,0.013640255162776246,0.013640255162776246
442,22.15000033006072,0.011248754551909153,0.011248754551909153
443,22.20000033080578,0.009055730351425267,0.009055730351425267
444,22.250000331550837,0.008470571820929555,0.008470571820929555
445,22.300000332295895,0.008982134235727166,0.008982134235727166
446,22.350000333040953,0.009053658360092542,0.009053658360092542
447,22.40000033378601,0.008810382667878137,0.008810382667878137
448,22.45000033453107,0.007167555583847443,0.007167555583847443
449,22.500000335276127,0.006665197569600867,0.006665197569600867
450,22.550000336021185,0.007490026693491159,0.007490026693491159
451,22.600000336766243,0.009179107121426385,0.009179107121426385
452,22.6500003375113,0.010195306689407945,0.010195306689407945
453,22.70000033825636,0.010186320478054806,0.010186320478054806
454,22.750000339001417,0.00960448134898122,0.00960448134898122
455,22.800000339746475,0.010514929652771903,0.010514929652771903
456,22.850000340491533,0.01192498455795626,0.01192498455795626
457,22.90000034123659,0.0119146925515499,0.0119146925515499
458,22.95000034198165,0.008787320985088764,0.008787320985088764
459,23.000000342726707,0.00487238016116093,0.00487238016116093
460,23.050000343471766,0.003973142919928835,0.003973142919928835
461,23.100000344216824,0.005580730811812483,0.005580730811812483
462,23.15000034496188,0.004662908302867641,0.004662908302867641
463,23.20000034570694,0.003366979080040513,0.003366979080040513
464,23.250000346451998,0.003809059799808819,0.003809059799808819
465,23.300000347197056,0.0035229322953373673,0.0035229322953373673
466,23.350000347942114,0.001662914481305594,0.001662914481305594
467,23.400000348687172,-0.0015993502860675523,-0.0015993502860675523
468,23.45000034943223,-0.005434940625458988,-0.005434940625458988
469,23.500000350177288,-0.007019616979765449,-0.007019616979765449
470,23.550000350922346,-0.008302610903844626,-0.008302610903844626
471,23.600000351667404,-0.010558419761703434,-0.010558419761703434
472,23.650000352412462,-0.013511307339411438,-0.013511307339411438
473,23.70000035315752,-0.0161620950186002,-0.0161620950186002
474,23.75000035390258,-0.017371275571593056,-0.017371275571593056
475,23.800000354647636,-0.017058733145567655,-0.017058733145567655
476,23.850000355392694,-0.015274641763849439,-0.015274641763849439
477,23.900000356137753,-0.013681121920843062,-0.013681121920843062
478,23.95000035688281,-0.013059178393446535,-0.013059178393446535
479,24.00000035762787,-0.013999612570092319,-0.013999612570092319
480,24.050000358372927,-0.015626275034187266,-0.015626275034187266
481,24.100000359117985,-0.01588334566372828,-0.01588334566372828
482,24.150000359863043,-0.014957407452300685,-0.014957407452300685
483,24.2000003606081,-0.014549560210338925,-0.014549560210338925
484,24.25000036135316,-0.015080934874959581,-0.015080934874959581
485,24.300000362098217,-0.014784073529462746,-0.014784073529462746
486,24.350000362843275,-0.013630205960831426,-0.013630205960831426
487,24.400000363588333,-0.014306516372932931,-0.014306516372932931
488,24.45000036433339,-0.017013348334808547,-0.017013348334808547
489,24.50000036507845,-0.017046338014370638,-0.017046338014370638
490,24.550000365823507,-0.012820270469279216,-0.012820270469279216
491,24.600000366568565,-0.010154047185744025,-0.010154047185744025
492,24.650000367313623,-0.009043627345328351,-0.009043627345328351
493,24.70000036805868,-0.006691887881304366,-0.006691887881304366
494,24.75000036880374,-0.0037709711683045293,-0.0037709711683045293
495,24.800000369548798,-0.0022806508375439135,-0.0022806508375439135
496,24.850000370293856,-0.00031498232460540484,-0.00031498232460540484
497,24.900000371038914,0.0019488170093023376,0.0019488170093023376
498,24.950000371783972,0.002595561821604496,0.002595561821604496
499,25.00000037252903,0.0010065672456891555,0.0010065672456891555
500,25.050000373274088,-0.0023285838746413185,-0.0023285838746413185
501,25.100000374019146,-0.004476835275537209,-0.004476835275537209
502,25.150000374764204,-0.004282876488255781,-0.004282876488255781
503,25.200000375509262,-0.0021537591327671036,-0.0021537591327671036
504,25.25000037625432,-0.0002904481377438223,-0.0002904481377438223
505,25.300000376999378,0.0016743699559610321,0.0016743699559610321
506,25.350000377744436,0.0027939125821179025,0.0027939125821179025
507,25.400000378489494,0.0022163833582278963,0.0022163833582278963
508,25.450000379234552,0.0007685907908070576,0.0007685907908070576
509,25.50000037997961,0.0010368854275524537,0.0010368854275524537
510,25.55000038072467,0.0018130127495591876,0.0018130127495591876
511,25.600000381469727,0.003284269886557733,0.003284269886557733
512,25.650000382214785,0.004986057292424489,0.004986057292424489
513,25.700000382959843,0.004089062438010596,0.004089062438010596
514,25.7500003837049,0.0016178661166967063,0.0016178661166967063
515,25.80000038444996,-0.00014701189135520737,-0.00014701189135520737
516,25.850000385195017,-0.0006999431944551264,-0.0006999431944551264
517,25.900000385940075,-0.0019035987487164084,-0.0019035987487164084
518,25.950000386685133,-0.006015430010217154,-0.006015430010217154
519,26.00000038743019,-0.010078945854540593,-0.010078945854540593
520,26.05000038817525,-0.011043469277221132,-0.011043469277221132
521,26.100000388920307,-0.011309914286391517,-0.011309914286391517
522,26.150000389665365,-0.012988232675284461,-0.012988232675284461
523,26.200000390410423,-0.014050706529870833,-0.014050706529870833
524,26.25000039115548,-0.010936911702319451,-0.010936911702319451
525,26.30000039190054,-0.0075770230241425,-0.0075770230241425
526,26.350000392645597,-0.005483613440306774,-0.005483613440306774
527,26.400000393390656,-0.00493078067423777,-0.00493078067423777
528,26.450000394135714,-0.005759105456974225,-0.005759105456974225
529,26.50000039488077,-0.005417250245485246,-0.005417250245485246
530,26.55000039562583,-0.0035908201325163917,-0.0035908201325163917
531,26.600000396370888,-0.0024564467043550198,-0.0024564467043550198
532,26.650000397115946,-0.001452656683168272,-0.001452656683168272
533,26.700000397861004,-0.0016224284280146842,-0.0016224284280146842
534,26.750000398606062,-0.0028301229941951867,-0.0028301229941951867
535,26.80000039935112,-0.0025261016321561592,-0.0025261016321561592
536,26.850000400096178,-0.0015058639572010624,-0.0015058639572010624
537,26.900000400841236,-0.0014101941461601088,-0.0014101941461601088
538,26.950000401586294,-0.0017368687747809862,-0.0017368687747809862
539,27.000000402331352,-0.002259809524245207,-0.002259809524245207
540,27.05000040307641,-0.0028695548038006106,-0.0028695548038006106
541,27.10000040382147,-0.002677896424520182,-0.002677896424520182
542,27.150000404566526,-0.001669160129616945,-0.001669160129616945
543,27.200000405311584,-0.0018934736971328865,-0.0018934736971328865
544,27.250000406056643,-0.0014076452829124963,-0.0014076452829124963
545,27.3000004068017,0.002802871373575633,0.002802871373575633
546,27.35000040754676,0.005708837681714615,0.005708837681714615
547,27.400000408291817,0.006654454735879114,0.006654454735879114
548,27.450000409036875,0.007591652658094525,0.007591652658094525
549,27.500000409781933,0.009000006883364378,0.009000006883364378
550,27.55000041052699,0.009779523587646126,0.009779523587646126
551,27.60000041127205,0.009700249285940253,0.009700249285940253
552,27.650000412017107,0.00849283446804167,0.00849283446804167
553,27.700000412762165,0.007052116883681345,0.007052116883681345
554,27.750000413507223,0.004256756151383619,0.004256756151383619
555,27.80000041425228,0.0010279408842248847,0.0010279408842248847
556,27.85000041499734,-0.0013788385307282364,-0.0013788385307282364
557,27.900000415742397,-0.0010570766005727809,-0.0010570766005727809
558,27.950000416487455,0.0007507809541695279,0.0007507809541695279
559,28.000000417232513,0.0018852279086553965,0.0018852279086553965
560,28.05000041797757,0.0023750828940061475,0.0023750828940061475
561,28.10000041872263,0.0016615562916601546,0.0016615562916601546
562,28.150000419467688,0.0018188617496649382,0.0018188617496649382
563,28.200000420212746,0.0029871498207072944,0.0029871498207072944
564,28.250000420957804,0.004898019045399542,0.004898019045399542
565,28.300000421702862,0.0075374961855641295,0.0075374961855641295
566,28.35000042244792,0.00843146318171071,0.00843146318171071
567,28.400000423192978,0.007817233472885739,0.007817233472885739
568,28.450000423938036,0.00744554312915086,0.00744554312915086
569,28.500000424683094,0.006751904808040522,0.006751904808040522
570,28.550000425428152,0.0085219268193385,0.0085219268193385
571,28.60000042617321,0.013442933074219598,0.013442933074219598
572,28.650000426918268,0.017178710040370488,0.017178710040370488
573,28.700000427663326,0.018838231076056998,0.018838231076056998
574,28.750000428408384,0.019617930927411962,0.019617930927411962
575,28.800000429153442,0.021553901788781065,0.021553901788781065
576,28.8500004298985,0.023977287762572498,0.023977287762572498
577,28.90000043064356,0.025224144553032977,0.025224144553032977
578,28.950000431388617,0.024870293773853157,0.024870293773853157
579,29.000000432133675,0.02242823642385205,0.02242823642385205
580,29.050000432878733,0.021359035292750288,0.021359035292750288
581,29.10000043362379,0.020184605706536338,0.020184605706536338
582,29.15000043436885,0.018470204180082543,0.018470204180082543
583,29.200000435113907,0.01633053674143508,0.01633053674143508
584,29.250000435858965,0.011970006248781669,0.011970006248781669
585,29.300000436604023,0.0072474177944676366,0.0072474177944676366
586,29.35000043734908,0.004219993145801118,0.004219993145801118
587,29.40000043809414,0.0019339400470129147,0.0019339400470129147
588,29.450000438839197,0.001271149421425351,0.001271149421425351
589,29.500000439584255,0.0006713118186528323,0.0006713118186528323
590,29.550000440329313,-0.0014839526585338915,-0.0014839526585338915
591,29.60000044107437,-0.0035911869249987557,-0.0035911869249987557
592,29.65000044181943,-0.0036012037035267285,-0.0036012037035267285
593,29.700000442564487,-0.004597708269834697,-0.004597708269834697
594,29.750000443309546,-0.00703635865324858,-0.00703635865324858
595,29.800000444054604,-0.007527163264050903,-0.007527163264050903
596,29.85000044479966,-0.006717180353692681,-0.006717180353692681
597,29.90000044554472,-0.007310387659372033,-0.007310387659372033
598,29.950000446289778,-0.010352003415749916,-0.010352003415749916
599,30.000000447034836,-0.011613049748806148,-0.011613049748806148
600,30.050000447779894,-0.010110566070349995,-0.010110566070349995
601,30.100000448524952,-0.010488767790310872,-0.010488767790310872
602,30.15000044927001,-0.01580649703844323,-0.01580649703844323
603,30.200000450015068,-0.020750459054520845,-0.020750459054520845
604,30.250000450760126,-0.024208074549270632,-0.024208074549270632
605,30.300000451505184,-0.02692743089373798,-0.02692743089373798
606,30.350000452250242,-0.028074913805145273,-0.028074913805145273
607,30.4000004529953,-0.03013368633772507,-0.03013368633772507
608,30.45000045374036,-0.03210755581957101,-0.03210755581957101
609,30.500000454485416,-0.03210928898196893,-0.03210928898196893
610,30.550000455230474,-0.028854361576101894,-0.028854361576101894
611,30.600000455975533,-0.024253646307657493,-0.024253646307657493
612,30.65000045672059,-0.020891333878610287,-0.020891333878610287
613,30.70000045746565,-0.021222885603265206,-0.021222885603265206
614,30.750000458210707,-0.02130439416681516,-0.02130439416681516
615,30.800000458955765,-0.017209598418875132,-0.017209598418875132
616,30.850000459700823,-0.01364743919106739,-0.01364743919106739
617,30.90000046044588,-0.011911469455856588,-0.011911469455856588
618,30.95000046119094,-0.01113105064114299,-0.01113105064114299
619,31.000000461935997,-0.009875000471250592,-0.009875000471250592
620,31.050000462681055,-0.009949126135418603,-0.009949126135418603
621,31.100000463426113,-0.011319435349038075,-0.011319435349038075
622,31.15000046417117,-0.011310751589614032,-0.011310751589614032
623,31.20000046491623,-0.009369373172931537,-0.009369373172931537
624,31.250000465661287,-0.0098102609457473,-0.0098102609457473
625,31.300000466406345,-0.015597274484387035,-0.015597274484387035
626,31.350000467151403,-0.019496292641054253,-0.019496292641054253
627,31.40000046789646,-0.022669659555414248,-0.022669659555414248
628,31.45000046864152,-0.028109501670780655,-0.028109501670780655
629,31.500000469386578,-0.030684428038491855,-0.030684428038491855
630,31.550000470131636,-0.029226418699430178,-0.029226418699430178
631,31.600000470876694,-0.02928476041446782,-0.02928476041446782
632,31.650000471621752,-0.03334979832556514,-0.03334979832556514
633,31.70000047236681,-0.03766319406501051,-0.03766319406501051
634,31.750000473111868,-0.040717246986869605,-0.040717246986869605
635,31.800000473856926,-0.04506974553797964,-0.04506974553797964
636,31.850000474601984,-0.051689269946309235,-0.051689269946309235
637,31.900000475347042,-0.05739208972699925,-0.05739208972699925
638,31.9500004760921,-0.05765097038788493,-0.05765097038788493
639,32.00000047683716,-0.056785835649863246,-0.056785835649863246
640,32.050000477582216,-0.055398129606506086,-0.055398129606506086
641,32.100000478327274,-0.05225389924972641,-0.05225389924972641
642,32.15000047907233,-0.04909609541067437,-0.04909609541067437
643,32.20000047981739,-0.04672145617566148,-0.04672145617566148
644,32.25000048056245,-0.044120580042289734,-0.044120580042289734
645,32.30000048130751,-0.04138836181873286,-0.04138836181873286
646,32.350000482052565,-0.04038016991702705,-0.04038016991702705
647,32.40000048279762,-0.0388665769158129,-0.0388665769158129
648,32.45000048354268,-0.03587707670012062,-0.03587707670012062
649,32.50000048428774,-0.03206534416828344,-0.03206534416828344
650,32.5500004850328,-0.02880778867365951,-0.02880778867365951
651,32.600000485777855,-0.026941237240017422,-0.026941237240017422
652,32.65000048652291,-0.02431398724603406,-0.02431398724603406
653,32.70000048726797,-0.02124450415247208,-0.02124450415247208
654,32.75000048801303,-0.019675501398121152,-0.019675501398121152
655,32.80000048875809,-0.018088910928273156,-0.018088910928273156
656,32.850000489503145,-0.01485422734683895,-0.01485422734683895
657,32.9000004902482,-0.012141004488735705,-0.012141004488735705
658,32.95000049099326,-0.010922674078203432,-0.010922674078203432
659,33.00000049173832,-0.007934371674684868,-0.007934371674684868
660,33.05000049248338,-0.003912234138485781,-0.003912234138485781
661,33.100000493228436,-0.002251183114928093,-0.002251183114928093
662,33.150000493973494,-0.0018991855324583169,-0.0018991855324583169
663,33.20000049471855,-0.000529922531603487,-0.000529922531603487
664,33.25000049546361,0.0010828410869051235,0.0010828410869051235
665,33.30000049620867,0.003612328485174765,0.003612328485174765
666,33.350000496953726,0.006748269777572929,0.006748269777572929
667,33.400000497698784,0.01026179232389827,0.01026179232389827
668,33.45000049844384,0.011871071029831457,0.011871071029831457
669,33.5000004991889,0.01334506479508803,0.01334506479508803
670,33.55000049993396,0.01731322081764015,0.01731322081764015
671,33.600000500679016,0.021103837644829333,0.021103837644829333
672,33.650000501424074,0.021315151600146156,0.021315151600146156
673,33.70000050216913,0.020365583500673752,0.020365583500673752
674,33.75000050291419,0.020427105002579493,0.020427105002579493
675,33.80000050365925,0.020028343843444454,0.020028343843444454
676,33.850000504404306,0.018140571889423078,0.018140571889423078
677,33.900000505149364,0.01593756762181717,0.01593756762181717
678,33.95000050589442,0.014972303574231441,0.014972303574231441
679,34.00000050663948,0.01504712622821045,0.01504712622821045
680,34.05000050738454,0.01698515260483153,0.01698515260483153
681,34.1000005081296,0.017645025608333913,0.017645025608333913
682,34.150000508874655,0.013354302207620383,0.013354302207620383
683,34.20000050961971,0.008421309317856543,0.008421309317856543
684,34.25000051036477,0.004531366976704757,0.004531366976704757
685,34.30000051110983,0.002515802227038182,0.002515802227038182
686,34.35000051185489,0.0013841736404110313,0.0013841736404110313
687,34.400000512599945,0.00019336293090951325,0.00019336293090951325
688,34.450000513345,-0.00232276518173578,-0.00232276518173578
689,34.50000051409006,-0.003384482711657589,-0.003384482711657589
690,34.55000051483512,-0.0015279793171621015,-0.0015279793171621015
691,34.60000051558018,0.002737267882215156,0.002737267882215156
692,34.650000516325235,0.007829365142406128,0.007829365142406128
693,34.70000051707029,0.008847643086030041,0.008847643086030041
694,34.75000051781535,0.006786683083924082,0.006786683083924082
695,34.80000051856041,0.005246968631723205,0.005246968631723205
696,34.85000051930547,0.005565310965537586,0.005565310965537586
697,34.900000520050526,0.00655251356482225,0.00655251356482225
698,34.950000520795584,0.0064767867563840465,0.0064767867563840465
699,35.00000052154064,0.004025269398492541,0.004025269398492541
700,35.0500005222857,0.0009078210459970874,0.0009078210459970874
701,35.10000052303076,-0.0001408279486412877,-0.0001408279486412877
702,35.150000523775816,0.0012701812103440408,0.0012701812103440408
703,35.200000524520874,0.00132077162945296,0.00132077162945296
704,35.25000052526593,0.0012175996259234292,0.0012175996259234292
705,35.30000052601099,0.0025172225659779676,0.0025172225659779676
706,35.35000052675605,0.006371145526452501,0.006371145526452501
707,35.400000527501106,0.010777478338284487,0.010777478338284487
708,35.450000528246164,0.013483034647072109,0.013483034647072109
709,35.50000052899122,0.01752870838351561,0.01752870838351561
710,35.55000052973628,0.022146037902738145,0.022146037902738145
711,35.60000053048134,0.024699994758323945,0.024699994758323945
712,35.6500005312264,0.025932365813062176,0.025932365813062176
713,35.700000531971455,0.02859874296147481,0.02859874296147481
714,35.75000053271651,0.03244415062240595,0.03244415062240595
715,35.80000053346157,0.03318420143401486,0.03318420143401486
716,35.85000053420663,0.031943776045017226,0.031943776045017226
717,35.90000053495169,0.03135891986575399,0.03135891986575399
718,35.950000535696745,0.031095445262313004,0.031095445262313004
719,36.0000005364418,0.03203776379881345,0.03203776379881345
720,36.05000053718686,0.032045804869220894,0.032045804869220894
721,36.10000053793192,0.031078650507341897,0.031078650507341897
722,36.15000053867698,0.028473534198704,0.028473534198704
723,36.200000539422035,0.023843922472093347,0.023843922472093347
724,36.25000054016709,0.019078159580023023,0.019078159580023023
725,36.30000054091215,0.01689115050036195,0.01689115050036195
726,36.35000054165721,0.018113967546337956,0.018113967546337956
727,36.40000054240227,0.018370336486169463,0.018370336486169463
728,36.450000543147326,0.01788663411700698,0.01788663411700698
729,36.500000543892384,0.020135241285731013,0.020135241285731013
730,36.55000054463744,0.025760286979335124,0.025760286979335124
731,36.6000005453825,0.03042801975868985,0.03042801975868985
732,36.65000054612756,0.03354356097849629,0.03354356097849629
733,36.700000546872616,0.03603205814316614,0.03603205814316614
734,36.750000547617674,0.03938608915274401,0.03938608915274401
735,36.80000054836273,0.04362227435650443,0.04362227435650443
736,36.85000054910779,0.04551254806528393,0.04551254806528393
737,36.90000054985285,0.04463400320273743,0.04463400320273743
738,36.950000550597906,0.04394499734292775,0.04394499734292775
739,37.000000551342964,0.04420443384572483,0.04420443384572483
740,37.05000055208802,0.043669042737682955,0.043669042737682955
741,37.10000055283308,0.04344183147196471,0.04344183147196471
742,37.15000055357814,0.042375855922448025,0.042375855922448025
743,37.200000554323196,0.04001832344600272,0.04001832344600272
744,37.250000555068254,0.037139111667323935,0.037139111667323935
745,37.30000055581331,0.03590249069486871,0.03590249069486871
746,37.35000055655837,0.03449359389527857,0.03449359389527857
747,37.40000055730343,0.03153098187815482,0.03153098187815482
748,37.45000055804849,0.03040587651605179,0.03040587651605179
749,37.500000558793545,0.03315908225849603,0.03315908225849603
750,37.5500005595386,0.035291671509318945,0.035291671509318945
751,37.60000056028366,0.03517539888988064,0.03517539888988064
752,37.65000056102872,0.03590994189257597,0.03590994189257597
753,37.70000056177378,0.037557273968565966,0.037557273968565966
754,37.750000562518835,0.03864360375954179,0.03864360375954179
755,37.80000056326389,0.03796252789406294,0.03796252789406294
756,37.85000056400895,0.03761383974334724,0.03761383974334724
757,37.90000056475401,0.039003245029964766,0.039003245029964766
758,37.95000056549907,0.04073058460852424,0.04073058460852424
759,38.000000566244125,0.04102517194697465,0.04102517194697465
760,38.05000056698918,0.04034933541103271,0.04034933541103271
761,38.10000056773424,0.03928416869495723,0.03928416869495723
762,38.1500005684793,0.036664151829105006,0.036664151829105006
763,38.20000056922436,0.03519605360201536,0.03519605360201536
764,38.250000569969416,0.03653503129516565,0.03653503129516565
765,38.300000570714474,0.03845161133827594,0.03845161133827594
766,38.35000057145953,0.03779035364477364,0.03779035364477364
767,38.40000057220459,0.03539734774449884,0.03539734774449884
768,38.45000057294965,0.035838578267876245,0.035838578267876245
769,38.500000573694706,0.03708744495585564,0.03708744495585564
770,38.550000574439764,0.037500401385588744,0.037500401385588744
771,38.60000057518482,0.039537976198731416,0.039537976198731416
772,38.65000057592988,0.042655750972649745,0.042655750972649745
773,38.70000057667494,0.04359085932533166,0.04359085932533166
774,38.750000577419996,0.04107801530399027,0.04107801530399027
775,38.800000578165054,0.03805866089165422,0.03805866089165422
776,38.85000057891011,0.03692014793844412,0.03692014793844412
777,38.90000057965517,0.037559858660286306,0.037559858660286306
778,38.95000058040023,0.035299981741917466,0.035299981741917466
779,39.00000058114529,0.032286103015307356,0.032286103015307356
780,39.050000581890345,0.03079506499285354,0.03079506499285354
781,39.1000005826354,0.03070084764811889,0.03070084764811889
782,39.15000058338046,0.02949537844952953,0.02949537844952953
783,39.20000058412552,0.02646560196733193,0.02646560196733193
784,39.25000058487058,0.02275697437678999,0.02275697437678999
785,39.300000585615635,0.019226251452533608,0.019226251452533608
786,39.35000058636069,0.01739941098018791,0.01739941098018791
787,39.40000058710575,0.01617642307646261,0.01617642307646261
788,39.45000058785081,0.014700208352912905,0.014700208352912905
789,39.50000058859587,0.014363192437159783,0.014363192437159783
790,39.550000589340925,0.015261015923833271,0.015261015923833271
791,39.60000059008598,0.014949765502230802,0.014949765502230802
792,39.65000059083104,0.013152384211234764,0.013152384211234764
793,39.7000005915761,0.010776641099277041,0.010776641099277041
794,39.75000059232116,0.009263488602266102,0.009263488602266102
795,39.800000593066216,0.008947466793304226,0.008947466793304226
796,39.850000593811274,0.008263804443376158,0.008263804443376158
797,39.90000059455633,0.007540478869260676,0.007540478869260676
798,39.95000059530139,0.008427466347364746,0.008427466347364746
799,40.00000059604645,0.00782599929076502,0.00782599929076502
